delete from "Структурное подразделение";
insert into "Структурное подразделение" VALUES
(1, 'Институт', 'Институт микроприборов и систем управления имени Л.Н. Преснухина', 'Институт МПСУ', 'Переверзев Алексей Леонидович'),
(2, 'Институт', 'Институт системной и программной инженерии и информационных технологий', 'Институт СПИНТех', 'Гагарина Лариса Геннадьевна'),
(3, 'Кафедра', 'Кафедра информационной безопасности', NULL, 'Хорев Анатолий Анатольевич'),
(4, 'Кафедра', 'Кафедра инженерной графики и дизайна', NULL, 'Соколова Татьяна Юрьевна');

delete from "Группа";
insert into "Группа" ("Номер группы", "Форма обучения", "Номер структурного подразделения") VALUES 
('ИВТ-41', 'Очная', 1),
('ИВТ-42', 'Очная', 1),
('ИВТ-43', 'Очная', 1),
('ИВТ-21В', 'Заочная', 1),
('ИБ-21', 'Очная', 3),
('ИТД-31', 'Очная', 4),
('ИТД-32', 'Очная', 4),
('ИТД-33', 'Очная', 4);

delete from "Преподаватель";
INSERT INTO "Преподаватель"("Номер преподавателя","Фамилия","Имя","Отчество","Ученая степень","Ученое звание","Должность","Стаж","Оклад") VALUES 
(80001,'Петров','Иван','Иванович',null,null,'ассистент',1,'12000'),
(80002,'Попов','Андрей','Сергеевич','к.т.н.','профессор','профессор',46,'85000'),
(80003,'Березина','Наталия','Владимировна','д.т.н.','профессор','профессор',24,'64000'),
(80004,'Алексеев','Юрий','Алексеевич','к.т.н.',null,'ассистент',5,'40000'),
(80005,'Быкова','Елена','Николаевна',null,'чл. Союза Дизайнеров России','доцент',5,'40000'),
(80006,'Wittgenstein','Ludwig',null,'д.ф.н.','профессор','профессор',94,'100000');

-- SELECT uuid_in(md5(random()::text || random()::text)::cstring);
delete from "Дисциплина";
INSERT INTO "Дисциплина" ("Номер дисциплины", "Название дисциплины", "Структурное подразделение", "Преподаватель", "ЗЕТ")
VALUES
('1fe356aa-5814-ed0d-40b1-4734e13978e9','Базы данных',1, 80003,4),
('7ace7bee-0d70-5a1f-1113-2cd60d11dfa4','Операционные системы',1, 80002,4),
('57d554fa-700e-beb6-5bc2-c27d9fd3c393','Сети и телекоммуникации',2, 80001,4),
('e2e7b469-a50b-2219-048a-752f5adb04ee','Дизайн цифрового контента',4, 80005,5),
('bc9e1033-bf8f-3e18-5c18-763a5cbfc4b4','Основы информационной безопасности',3, 80004,3),
('08183312-a269-3a8a-b197-25c872054890','Философия',3, 80006,3);


delete from "Трудоустройство";
INSERT INTO "Трудоустройство" ("Номер структурного подразделения","Номер преподавателя","Номер трудового договора","Ставка")
VALUES
(1,80001,152684,'0.25'),
(2,80001,152685,'0.25'),
(1,80002,152986,'0.25'),
(1,80003,153123,'0.5'),
(3,80004,152273,'0.6'),
(4,80005,152321,'0.4');

insert into "Студент" VALUES

('841576','Дроздов','Марк','Артёмович','ИТД-33','23.11.2002','DrozdovMark@miet.ru'),
('842676','Самсонов','Максим','Андреевич','ИТД-33','02.11.2002','SamsonovMaksim@miet.ru'),
('835406','Смирнов','Ярослав','Владиславович','ИТД-33','03.04.2002','SmirnovJaroslav@miet.ru'),
('882599','Соловьев','Сергей','Владимирович','ИТД-33','02.08.2002','SolovevSergej@miet.ru'),
('820080','Селиванов','Дмитрий','Маркович','ИТД-33','07.06.2002','SelivanovDmitrij@miet.ru'),
('815406','Егоров','Артём','Юрьевич','ИТД-33','09.11.2002','EgorovArtem@miet.ru'),
('846147','Грачев','Андрей','Всеволодович','ИТД-33','21.08.2002','GrachevAndrej@miet.ru'),
('883720','Маслов','Михаил','Дмитриевич','ИТД-33','21.06.2002','MaslovMihail@miet.ru'),
('858718','Кондратьева','Варвара','Никитична','ИТД-33','04.12.2002','KondratevaVarvara@miet.ru'),
('885311','Коровина','Мария','Георгиевна','ИТД-33','10.02.2002','KorovinaMarija@miet.ru'),
('822811','Сахарова','Милана','Станиславовна','ИТД-33','12.03.2002','SaharovaMilana@miet.ru'),
('814851','Князева','Маргарита','Арсентьевна','ИТД-33','19.07.2002','KnjazevaMargarita@miet.ru'),
('855386','Князева','Есения','Александровна','ИТД-33','28.05.2002','KnjazevaEsenija@miet.ru'),
('876201','Родионова','Арина','Борисовна','ИТД-33','06.06.2002','RodionovaArina@miet.ru'),
('857291','Андреева','Ева','Кирилловна','ИТД-33','22.06.2002','AndreevaEva@miet.ru'),
('849661','Емельянова','Екатерина','Платоновна','ИТД-33','13.09.2002','EmeljanovaEkaterina@miet.ru'),
('871850','Королева','Ксения','Артёмовна','ИТД-33','04.10.2002','KorolevaKsenija@miet.ru'),
('899462','Савина','Ольга','Дмитриевна','ИТД-33','08.09.2002','SavinaOlga@miet.ru'),
('888953','Александрова','Агата','Львовна','ИТД-33','01.10.2002','AleksandrovaAgata@miet.ru'),
('813350','Ершова','Валерия','Дмитриевна','ИТД-33','04.06.2002','ErshovaValerija@miet.ru'),
('842789','Кузнецова','Алиса','Александровна','ИТД-33','17.11.2002','KuznetsovaAlisa@miet.ru'),
('829860','Трофимова','Стефания','Александровна','ИТД-33','02.10.2002','TrofimovaStefanija@miet.ru'),
('852200','Алексеев','Тимофей','Денисович','ИВТ-42','09.05.2001','AlekseevTimofej@miet.ru'),
('851216','Богданов','Артур','Тимофеевич','ИВТ-42','25.11.2001','BogdanovArtur@miet.ru'),
('836914','Гаврилов','Никита','Алексеевич','ИВТ-42','26.10.2001','GavrilovNikita@miet.ru'),
('821695','Кузьмин','Мирослав','Михайлович','ИВТ-42','16.06.2001','KuzminMiroslav@miet.ru'),
('842405','Романов','Егор','Глебович','ИВТ-42','15.08.2001','RomanovEgor@miet.ru'),
('833289','Гаврилов','Александр','Всеволодович','ИВТ-42','08.06.2001','GavrilovAleksandr@miet.ru'),
('818544','Краснов','Павел','Святославович','ИВТ-42','26.11.2001','KrasnovPavel@miet.ru'),
('817471','Самойлов','Артём','Матвеевич','ИВТ-42','03.12.2001','SamojlovArtem@miet.ru'),
('857093','Новиков','Кирилл','Никитич','ИВТ-42','17.10.2001','NovikovKirill@miet.ru'),
('891560','Афанасьев','Михаил','Михайлович','ИВТ-42','25.04.2001','AfanasevMihail@miet.ru'),
('879001','Трофимов','Артур','Андреевич','ИВТ-42','28.05.2001','TrofimovArtur@miet.ru'),
('816572','Ефимов','Владислав','Леонидович','ИВТ-42','02.10.2001','EfimovVladislav@miet.ru'),
('825701','Кондрашов','Богдан','Даниилович','ИВТ-42','03.01.2001','KondrashovBogdan@miet.ru'),
('854500','Егоров','Александр','Егорович','ИВТ-42','20.08.2001','EgorovAleksandr@miet.ru'),
('872308','Петровский','Максим','Романович','ИВТ-42','27.07.2001','PetrovskijMaksim@miet.ru'),
('899108','Орлов','Герман','Антонович','ИВТ-42','04.11.2001','OrlovGerman@miet.ru'),
('819730','Маркин','Даниэль','Ильич','ИВТ-42','24.12.2001','MarkinDaniel@miet.ru'),
('839327','Захаров','Кирилл','Григорьевич','ИВТ-42','23.11.2001','ZaharovKirill@miet.ru'),
('848740','Молчанов','Александр','Артемьевич','ИВТ-42','13.11.2001','MolchanovAleksandr@miet.ru'),
('835237','Лобанова','Виктория','Артёмовна','ИВТ-42','01.09.2001','LobanovaViktorija@miet.ru'),
('815716','Белякова','Анна','Кирилловна','ИВТ-42','20.12.2001','BeljakovaAnna@miet.ru'),
('818262','Иванова','Виктория','Александровна','ИВТ-42','27.01.2001','IvanovaViktorija@miet.ru'),
('887596','Власов','Михаил','Дмитриевич','ИТД-32','25.08.2002','VlasovMihail@miet.ru'),
('843397','Рубцов','Фёдор','Арсентьевич','ИТД-32','03.05.2002','RubtsovFedor@miet.ru'),
('865050','Мухин','Ростислав','Янович','ИТД-32','28.09.2002','MuhinRostislav@miet.ru'),
('866823','Григорьев','Семён','Максимович','ИТД-32','26.02.2002','GrigorevSemen@miet.ru'),
('856076','Казаков','Николай','Сергеевич','ИТД-32','11.01.2002','KazakovNikolaj@miet.ru'),
('841952','Фролов','Борис','Фёдорович','ИТД-32','09.10.2002','FrolovBoris@miet.ru'),
('882176','Хомяков','Илья','Иванович','ИТД-32','19.08.2002','HomjakovIlja@miet.ru'),
('895832','Рогов','Егор','Тимофеевич','ИТД-32','05.08.2002','RogovEgor@miet.ru'),
('819080','Исаев','Евгений','Артёмович','ИТД-32','11.02.2002','IsaevEvgenij@miet.ru'),
('885305','Панин','Лев','Миронович','ИТД-32','04.09.2002','PaninLev@miet.ru'),
('878089','Любимов','Кирилл','Андреевич','ИТД-32','05.08.2002','LjubimovKirill@miet.ru'),
('847580','Андреев','Лев','Дамирович','ИТД-32','25.02.2002','AndreevLev@miet.ru'),
('818943','Корнилов','Арсений','Александрович','ИТД-32','10.07.2002','KornilovArsenij@miet.ru'),
('824167','Савин','Роман','Александрович','ИТД-32','11.04.2002','SavinRoman@miet.ru'),
('847560','Лебедев','Дмитрий','Марсельевич','ИТД-32','15.02.2002','LebedevDmitrij@miet.ru'),
('895901','Киселев','Лев','Владиславович','ИТД-32','19.03.2002','KiselevLev@miet.ru'),
('852655','Игнатов','Владимир','Иванович','ИТД-32','19.10.2002','IgnatovVladimir@miet.ru'),
('831496','Артемов','Дмитрий','Егорович','ИТД-32','26.10.2002','ArtemovDmitrij@miet.ru'),
('864878','Алехина','Дарья','Артёмовна','ИТД-32','08.06.2002','AlehinaDarja@miet.ru'),
('846021','Медведева','Агата','Давидовна','ИТД-32','15.10.2002','MedvedevaAgata@miet.ru'),
('887219','Карасева','Полина','Тимофеевна','ИТД-32','03.09.2002','KarasevaPolina@miet.ru'),
('894965','Сергеева','Арина','Дмитриевна','ИТД-32','05.06.2002','SergeevaArina@miet.ru'),
('835935','Соколова','Мария','Романовна','ИТД-32','10.08.2002','SokolovaMarija@miet.ru'),
('889459','Булгакова','Ксения','Данииловна','ИТД-32','04.05.2002','BulgakovaKsenija@miet.ru'),
('892100','Смирнов','Роман','Семёнович','ИТД-31','18.01.2002','SmirnovRoman@miet.ru'),
('887822','Быков','Иван','Фёдорович','ИТД-31','20.09.2002','BykovIvan@miet.ru'),
('873842','Игнатьев','Степан','Алексеевич','ИТД-31','06.02.2002','IgnatevStepan@miet.ru'),
('883124','Панкратов','Георгий','Михайлович','ИТД-31','21.05.2002','PankratovGeorgij@miet.ru'),
('877911','Богданов','Мирон','Денисович','ИТД-31','22.08.2002','BogdanovMiron@miet.ru'),
('866911','Леонтьев','Илья','Маркович','ИТД-31','09.11.2002','LeontevIlja@miet.ru'),
('814299','Александров','Иван','Савельевич','ИТД-31','28.10.2002','AleksandrovIvan@miet.ru'),
('833105','Калугин','Степан','Константинович','ИТД-31','20.11.2002','KaluginStepan@miet.ru'),
('853207','Дегтярев','Артём','Миронович','ИТД-31','14.11.2002','DegtjarevArtem@miet.ru'),
('859749','Васильев','Глеб','Степанович','ИТД-31','13.11.2002','VasilevGleb@miet.ru'),
('863155','Александров','Роман','Максимович','ИТД-31','22.07.2002','AleksandrovRoman@miet.ru'),
('846401','Литвинов','Георгий','Артёмович','ИТД-31','21.09.2002','LitvinovGeorgij@miet.ru'),
('885273','Петрова','София','Николаевна','ИТД-31','05.01.2002','PetrovaSofija@miet.ru'),
('866083','Титова','Оливия','Максимовна','ИТД-31','10.10.2002','TitovaOlivija@miet.ru'),
('884835','Князева','Лилия','Тимофеевна','ИТД-31','06.06.2002','KnjazevaLilija@miet.ru'),
('835182','Пименова','Мирослава','Олеговна','ИТД-31','14.05.2002','PimenovaMiroslava@miet.ru'),
('828729','Гришина','Амелия','Максимовна','ИТД-31','08.01.2002','GrishinaAmelija@miet.ru'),
('876001','Смирнова','Агата','Михайловна','ИТД-31','13.05.2002','SmirnovaAgata@miet.ru'),
('839444','Савина','Вероника','Тимофеевна','ИТД-31','04.02.2002','SavinaVeronika@miet.ru'),
('822011','Данилова','Светлана','Александровна','ИТД-31','18.05.2002','DanilovaSvetlana@miet.ru'),
('884298','Борисова','Анна','Тимофеевна','ИТД-31','27.08.2002','BorisovaAnna@miet.ru'),
('824122','Семенова','Арина','Дмитриевна','ИТД-31','08.01.2002','SemenovaArina@miet.ru'),
('843935','Губанова','Валерия','Артёмовна','ИТД-31','05.04.2002','GubanovaValerija@miet.ru'),
('834723','Куликова','Вероника','Кирилловна','ИТД-31','05.07.2002','KulikovaVeronika@miet.ru'),
('866602','Иванова','Есения','Ивановна','ИБ-21','13.07.2003','IvanovaEsenija@miet.ru'),
('872465','Федоров','Роберт','Даниилович','ИБ-21','08.05.2003','FedorovRobert@miet.ru'),
('880304','Морозов','Илья','Глебович','ИБ-21','06.12.2003','MorozovIlja@miet.ru'),
('836052','Жилин','Никита','Максимович','ИБ-21','05.08.2003','ZhilinNikita@miet.ru'),
('858376','Худяков','Андрей','Львович','ИБ-21','09.02.2003','HudjakovAndrej@miet.ru'),
('840023','Плотников','Марк','Арсентьевич','ИБ-21','06.04.2003','PlotnikovMark@miet.ru'),
('858502','Максимов','Виктор','Фёдорович','ИБ-21','10.05.2003','MaksimovViktor@miet.ru'),
('842816','Баранов','Максим','Маркович','ИБ-21','13.03.2003','BaranovMaksim@miet.ru'),
('849844','Носов','Иван','Глебович','ИБ-21','03.12.2003','NosovIvan@miet.ru'),
('840025','Николаев','Андрей','Матвеевич','ИБ-21','23.02.2003','NikolaevAndrej@miet.ru'),
('863457','Сычев','Артём','Артёмович','ИБ-21','04.05.2003','SychevArtem@miet.ru'),
('843366','Николаев','Алексей','Серафимович','ИБ-21','03.02.2003','NikolaevAleksej@miet.ru'),
('861871','Григорьев','Даниил','Иванович','ИБ-21','01.10.2003','GrigorevDaniil@miet.ru'),
('852138','Абрамов','Платон','Степанович','ИБ-21','20.04.2003','AbramovPlaton@miet.ru'),
('822229','Кузьмин','Али','Лукич','ИБ-21','18.12.2003','KuzminAli@miet.ru'),
('831915','Дорофеев','Сергей','Евгеньевич','ИБ-21','05.10.2003','DorofeevSergej@miet.ru'),
('876010','Зыков','Фёдор','Матвеевич','ИБ-21','21.03.2003','ZykovFedor@miet.ru'),
('844185','Воронин','Андрей','Петрович','ИБ-21','26.07.2003','VoroninAndrej@miet.ru'),
('823363','Алексеев','Глеб','Платонович','ИБ-21','06.07.2003','AlekseevGleb@miet.ru'),
('867700','Селезнев','Иван','Эрикович','ИБ-21','10.06.2003','SeleznevIvan@miet.ru'),
('899748','Захаров','Дмитрий','Кириллович','ИБ-21','18.05.2003','ZaharovDmitrij@miet.ru'),
('847577','Иванов','Артём','Маркович','ИБ-21','05.02.2003','IvanovArtem@miet.ru'),
('829610','Алехин','Андрей','Всеволодович','ИБ-21','15.11.2003','AlehinAndrej@miet.ru'),
('864643','Гусев','Лев','Михайлович','ИБ-21','26.01.2003','GusevLev@miet.ru'),
('829565','Алешин','Дамир','Эмирович','ИВТ-43','26.09.2001','AleshinDamir@miet.ru'),
('877304','Смирнов','Андрей','Иванович','ИВТ-43','23.08.2001','SmirnovAndrej@miet.ru'),
('820038','Кузнецов','Андрей','Владимирович','ИВТ-43','25.03.2001','KuznetsovAndrej@miet.ru'),
('884054','Царев','Григорий','Артёмович','ИВТ-43','19.09.2001','TsarevGrigorij@miet.ru'),
('847610','Соколов','Лев','Владиславович','ИВТ-43','15.04.2001','SokolovLev@miet.ru'),
('877019','Гончаров','Максим','Иванович','ИВТ-43','10.09.2001','GoncharovMaksim@miet.ru'),
('866540','Федоров','Кирилл','Тимофеевич','ИВТ-43','10.02.2001','FedorovKirill@miet.ru'),
('853188','Сазонов','Степан','Адамович','ИВТ-43','22.10.2001','SazonovStepan@miet.ru'),
('888919','Ларионов','Максим','Кириллович','ИВТ-43','13.06.2001','LarionovMaksim@miet.ru'),
('839710','Михайлов','Марсель','Никитич','ИВТ-43','06.09.2001','MihajlovMarsel@miet.ru'),
('840914','Орехов','Максим','Макарович','ИВТ-43','26.09.2001','OrehovMaksim@miet.ru'),
('879177','Вавилов','Михаил','Дмитриевич','ИВТ-43','24.09.2001','VavilovMihail@miet.ru'),
('885568','Мартынов','Демид','Филиппович','ИВТ-43','19.09.2001','MartynovDemid@miet.ru'),
('849342','Васильев','Иван','Георгиевич','ИВТ-43','11.08.2001','VasilevIvan@miet.ru'),
('871201','Баранова','Евгения','Данииловна','ИВТ-43','24.02.2001','BaranovaEvgenija@miet.ru'),
('843282','Куликова','Алина','Артёмовна','ИВТ-43','11.09.2001','KulikovaAlina@miet.ru'),
('814282','Сычева','Алиса','Глебовна','ИВТ-43','13.07.2001','SychevaAlisa@miet.ru'),
('847982','Самойлова','Ева','Александровна','ИВТ-43','22.05.2001','SamojlovaEva@miet.ru'),
('854862','Кондрашова','Дарья','Михайловна','ИВТ-21В','20.06.2003','KondrashovaDarja@miet.ru'),
('878456','Долгова','Ульяна','Серафимовна','ИВТ-21В','08.11.2003','DolgovaUljana@miet.ru'),
('855590','Малышев','Глеб','Гордеевич','ИВТ-21В','23.04.2003','MalyshevGleb@miet.ru'),
('849280','Еремин','Матвей','Андреевич','ИВТ-21В','19.05.2003','EreminMatvej@miet.ru'),
('874925','Голубев','Тимофей','Львович','ИВТ-21В','01.11.2003','GolubevTimofej@miet.ru'),
('861105','Литвинов','Иван','Александрович','ИВТ-21В','16.03.2003','LitvinovIvan@miet.ru'),
('873817','Кузнецов','Давид','Андреевич','ИВТ-21В','19.06.2003','KuznetsovDavid@miet.ru'),
('875262','Михеев','Александр','Алексеевич','ИВТ-41','27.09.2001','MiheevAleksandr@miet.ru'),
('816385','Виноградов','Иван','Макарович','ИВТ-41','15.12.2001','VinogradovIvan@miet.ru'),
('818011','Савельев','Максим','Юрьевич','ИВТ-41','11.12.2001','SavelevMaksim@miet.ru'),
('822191','Соколов','Илья','Алексеевич','ИВТ-41','17.10.2001','SokolovIlja@miet.ru'),
('819116','Еремин','Лука','Львович','ИВТ-41','23.05.2001','EreminLuka@miet.ru'),
('854295','Волков','Кирилл','Денисович','ИВТ-41','11.02.2001','VolkovKirill@miet.ru'),
('895761','Маслов','Али','Дмитриевич','ИВТ-41','06.04.2001','MaslovAli@miet.ru'),
('814848','Губанов','Артём','Андреевич','ИВТ-41','14.03.2001','GubanovArtem@miet.ru'),
('823141','Кузнецов','Руслан','Дмитриевич','ИВТ-41','04.01.2001','KuznetsovRuslan@miet.ru'),
('854846','Беляков','Иван','Константинович','ИВТ-41','04.11.2001','BeljakovIvan@miet.ru'),
('881398','Лебедев','Роман','Макарович','ИВТ-41','27.08.2001','LebedevRoman@miet.ru'),
('827608','Быков','Лев','Михайлович','ИВТ-41','04.03.2001','BykovLev@miet.ru'),
('876002','Соколов','Тимофей','Александрович','ИВТ-41','26.01.2001','SokolovTimofej@miet.ru'),
('898205','Денисов','Леонид','Маркович','ИВТ-41','12.07.2001','DenisovLeonid@miet.ru'),
('851569','Селезнев','Максим','Артёмович','ИВТ-41','10.01.2001','SeleznevMaksim@miet.ru'),
('825253','Касаткин','Константин','Миронович','ИВТ-41','13.05.2001','KasatkinKonstantin@miet.ru'),
('884785','Ильин','Владимир','Артёмович','ИВТ-41','01.02.2001','IlinVladimir@miet.ru'),
('887180','Зайцев','Максим','Егорович','ИВТ-41','17.11.2001','ZajtsevMaksim@miet.ru'),
('894710','Коновалов','Владимир','Артёмович','ИВТ-41','13.03.2001','KonovalovVladimir@miet.ru'),
('895269','Григорьев','Егор','Матвеевич','ИВТ-41','05.08.2001','GrigorevEgor@miet.ru'),
('868825','Софронова','Вероника','Данииловна','ИВТ-41','28.06.2001','SofronovaVeronika@miet.ru'),
('839130','Фадеева','Ксения','Давидовна','ИВТ-41','06.05.2001','FadeevaKsenija@miet.ru');

insert into "Студенческий билет" VALUES
('841576','31.08.2020','31.08.2024'),
('842676','31.08.2020','31.08.2024'),
('835406','31.08.2020','31.08.2024'),
('882599','31.08.2020','31.08.2024'),
('820080','31.08.2020','31.08.2024'),
('815406','31.08.2020','31.08.2024'),
('846147','31.08.2020','31.08.2024'),
('883720','31.08.2020','31.08.2024'),
('858718','31.08.2020','31.08.2024'),
('885311','31.08.2020','31.08.2024'),
('822811','31.08.2020','31.08.2024'),
('814851','31.08.2020','31.08.2024'),
('855386','31.08.2020','31.08.2024'),
('876201','31.08.2020','31.08.2024'),
('857291','31.08.2020','31.08.2024'),
('849661','31.08.2020','31.08.2024'),
('871850','31.08.2020','31.08.2024'),
('899462','31.08.2020','31.08.2024'),
('888953','31.08.2020','31.08.2024'),
('813350','31.08.2020','31.08.2024'),
('842789','31.08.2020','31.08.2024'),
('829860','31.08.2020','31.08.2024'),
('852200','31.08.2019','31.08.2023'),
('851216','31.08.2019','31.08.2023'),
('836914','31.08.2019','31.08.2023'),
('821695','31.08.2019','31.08.2023'),
('842405','31.08.2019','31.08.2023'),
('833289','31.08.2019','31.08.2023'),
('818544','31.08.2019','31.08.2023'),
('817471','31.08.2019','31.08.2023'),
('857093','31.08.2019','31.08.2023'),
('891560','31.08.2019','31.08.2023'),
('879001','31.08.2019','31.08.2023'),
('816572','31.08.2019','31.08.2023'),
('825701','31.08.2019','31.08.2023'),
('854500','31.08.2019','31.08.2023'),
('872308','31.08.2019','31.08.2023'),
('899108','31.08.2019','31.08.2023'),
('819730','31.08.2019','31.08.2023'),
('839327','31.08.2019','31.08.2023'),
('848740','31.08.2019','31.08.2023'),
('835237','31.08.2019','31.08.2023'),
('815716','31.08.2019','31.08.2023'),
('818262','31.08.2019','31.08.2023'),
('887596','31.08.2020','31.08.2024'),
('843397','31.08.2020','31.08.2024'),
('865050','31.08.2020','31.08.2024'),
('866823','31.08.2020','31.08.2024'),
('856076','31.08.2020','31.08.2024'),
('841952','31.08.2020','31.08.2024'),
('882176','31.08.2020','31.08.2024'),
('895832','31.08.2020','31.08.2024'),
('819080','31.08.2020','31.08.2024'),
('885305','31.08.2020','31.08.2024'),
('878089','31.08.2020','31.08.2024'),
('847580','31.08.2020','31.08.2024'),
('818943','31.08.2020','31.08.2024'),
('824167','31.08.2020','31.08.2024'),
('847560','31.08.2020','31.08.2024'),
('895901','31.08.2020','31.08.2024'),
('852655','31.08.2020','31.08.2024'),
('831496','31.08.2020','31.08.2024'),
('864878','31.08.2020','31.08.2024'),
('846021','31.08.2020','31.08.2024'),
('887219','31.08.2020','31.08.2024'),
('894965','31.08.2020','31.08.2024'),
('835935','31.08.2020','31.08.2024'),
('889459','31.08.2020','31.08.2024'),
('892100','31.08.2020','31.08.2024'),
('887822','31.08.2020','31.08.2024'),
('873842','31.08.2020','31.08.2024'),
('883124','31.08.2020','31.08.2024'),
('877911','31.08.2020','31.08.2024'),
('866911','31.08.2020','31.08.2024'),
('814299','31.08.2020','31.08.2024'),
('833105','31.08.2020','31.08.2024'),
('853207','31.08.2020','31.08.2024'),
('859749','31.08.2020','31.08.2024'),
('863155','31.08.2020','31.08.2024'),
('846401','31.08.2020','31.08.2024'),
('885273','31.08.2020','31.08.2024'),
('866083','31.08.2020','31.08.2024'),
('884835','31.08.2020','31.08.2024'),
('835182','31.08.2020','31.08.2024'),
('828729','31.08.2020','31.08.2024'),
('876001','31.08.2020','31.08.2024'),
('839444','31.08.2020','31.08.2024'),
('822011','31.08.2020','31.08.2024'),
('884298','31.08.2020','31.08.2024'),
('824122','31.08.2020','31.08.2024'),
('843935','31.08.2020','31.08.2024'),
('834723','31.08.2020','31.08.2024'),
('866602','31.08.2021','31.08.2025'),
('872465','31.08.2021','31.08.2025'),
('880304','31.08.2021','31.08.2025'),
('836052','31.08.2021','31.08.2025'),
('858376','31.08.2021','31.08.2025'),
('840023','31.08.2021','31.08.2025'),
('858502','31.08.2021','31.08.2025'),
('842816','31.08.2021','31.08.2025'),
('849844','31.08.2021','31.08.2025'),
('840025','31.08.2021','31.08.2025'),
('863457','31.08.2021','31.08.2025'),
('843366','31.08.2021','31.08.2025'),
('861871','31.08.2021','31.08.2025'),
('852138','31.08.2021','31.08.2025'),
('822229','31.08.2021','31.08.2025'),
('831915','31.08.2021','31.08.2025'),
('876010','31.08.2021','31.08.2025'),
('844185','31.08.2021','31.08.2025'),
('823363','31.08.2021','31.08.2025'),
('867700','31.08.2021','31.08.2025'),
('899748','31.08.2021','31.08.2025'),
('847577','31.08.2021','31.08.2025'),
('829610','31.08.2021','31.08.2025'),
('864643','31.08.2021','31.08.2025'),
('829565','31.08.2019','31.08.2023'),
('877304','31.08.2019','31.08.2023'),
('820038','31.08.2019','31.08.2023'),
('884054','31.08.2019','31.08.2023'),
('847610','31.08.2019','31.08.2023'),
('877019','31.08.2019','31.08.2023'),
('866540','31.08.2019','31.08.2023'),
('853188','31.08.2019','31.08.2023'),
('888919','31.08.2019','31.08.2023'),
('839710','31.08.2019','31.08.2023'),
('840914','31.08.2019','31.08.2023'),
('879177','31.08.2019','31.08.2023'),
('885568','31.08.2019','31.08.2023'),
('849342','31.08.2019','31.08.2023'),
('871201','31.08.2019','31.08.2023'),
('843282','31.08.2019','31.08.2023'),
('814282','31.08.2019','31.08.2023'),
('847982','31.08.2019','31.08.2023'),
('854862','31.08.2021','31.08.2026'),
('878456','31.08.2021','31.08.2026'),
('855590','31.08.2021','31.08.2026'),
('849280','31.08.2021','31.08.2026'),
('874925','31.08.2021','31.08.2026'),
('861105','31.08.2021','31.08.2026'),
('873817','31.08.2021','31.08.2026'),
('875262','31.08.2019','31.08.2023'),
('816385','31.08.2019','31.08.2023'),
('818011','31.08.2019','31.08.2023'),
('822191','31.08.2019','31.08.2023'),
('819116','31.08.2019','31.08.2023'),
('854295','31.08.2019','31.08.2023'),
('895761','31.08.2019','31.08.2023'),
('814848','31.08.2019','31.08.2023'),
('823141','31.08.2019','31.08.2023'),
('854846','31.08.2019','31.08.2023'),
('881398','31.08.2019','31.08.2023'),
('827608','31.08.2019','31.08.2023'),
('876002','31.08.2019','31.08.2023'),
('898205','31.08.2019','31.08.2023'),
('851569','31.08.2019','31.08.2023'),
('825253','31.08.2019','31.08.2023'),
('884785','31.08.2019','31.08.2023'),
('887180','31.08.2019','31.08.2023'),
('894710','31.08.2019','31.08.2023'),
('895269','31.08.2019','31.08.2023'),
('868825','31.08.2019','31.08.2023'),
('839130','31.08.2019','31.08.2023');



insert into "Результат освоения дисциплины" VALUES
('841576','1fe356aa-5814-ed0d-40b1-4734e13978e9',4),
('841576','e2e7b469-a50b-2219-048a-752f5adb04ee',3),
('842676','1fe356aa-5814-ed0d-40b1-4734e13978e9',3),
('842676','e2e7b469-a50b-2219-048a-752f5adb04ee',2),
('835406','1fe356aa-5814-ed0d-40b1-4734e13978e9',5),
('835406','e2e7b469-a50b-2219-048a-752f5adb04ee',4),
('882599','1fe356aa-5814-ed0d-40b1-4734e13978e9',2),
('882599','e2e7b469-a50b-2219-048a-752f5adb04ee',3),
('820080','1fe356aa-5814-ed0d-40b1-4734e13978e9',4),
('820080','e2e7b469-a50b-2219-048a-752f5adb04ee',4),
('815406','1fe356aa-5814-ed0d-40b1-4734e13978e9',3),
('815406','e2e7b469-a50b-2219-048a-752f5adb04ee',5),
('846147','1fe356aa-5814-ed0d-40b1-4734e13978e9',4),
('846147','e2e7b469-a50b-2219-048a-752f5adb04ee',3),
('883720','1fe356aa-5814-ed0d-40b1-4734e13978e9',2),
('883720','e2e7b469-a50b-2219-048a-752f5adb04ee',3),
('858718','1fe356aa-5814-ed0d-40b1-4734e13978e9',5),
('858718','e2e7b469-a50b-2219-048a-752f5adb04ee',4),
('885311','1fe356aa-5814-ed0d-40b1-4734e13978e9',2),
('885311','e2e7b469-a50b-2219-048a-752f5adb04ee',2),
('822811','1fe356aa-5814-ed0d-40b1-4734e13978e9',2),
('822811','e2e7b469-a50b-2219-048a-752f5adb04ee',4),
('814851','1fe356aa-5814-ed0d-40b1-4734e13978e9',4),
('814851','e2e7b469-a50b-2219-048a-752f5adb04ee',4),
('855386','1fe356aa-5814-ed0d-40b1-4734e13978e9',5),
('855386','e2e7b469-a50b-2219-048a-752f5adb04ee',4),
('876201','1fe356aa-5814-ed0d-40b1-4734e13978e9',2),
('876201','e2e7b469-a50b-2219-048a-752f5adb04ee',4),
('857291','1fe356aa-5814-ed0d-40b1-4734e13978e9',5),
('857291','e2e7b469-a50b-2219-048a-752f5adb04ee',3),
('849661','1fe356aa-5814-ed0d-40b1-4734e13978e9',3),
('849661','e2e7b469-a50b-2219-048a-752f5adb04ee',4),
('871850','1fe356aa-5814-ed0d-40b1-4734e13978e9',3),
('871850','e2e7b469-a50b-2219-048a-752f5adb04ee',2),
('899462','1fe356aa-5814-ed0d-40b1-4734e13978e9',3),
('899462','e2e7b469-a50b-2219-048a-752f5adb04ee',2),
('888953','1fe356aa-5814-ed0d-40b1-4734e13978e9',3),
('888953','e2e7b469-a50b-2219-048a-752f5adb04ee',5),
('813350','1fe356aa-5814-ed0d-40b1-4734e13978e9',5),
('813350','e2e7b469-a50b-2219-048a-752f5adb04ee',5),
('842789','1fe356aa-5814-ed0d-40b1-4734e13978e9',4),
('842789','e2e7b469-a50b-2219-048a-752f5adb04ee',5),
('829860','1fe356aa-5814-ed0d-40b1-4734e13978e9',3),
('829860','e2e7b469-a50b-2219-048a-752f5adb04ee',4),
('852200','1fe356aa-5814-ed0d-40b1-4734e13978e9',5),
('852200','7ace7bee-0d70-5a1f-1113-2cd60d11dfa4',2),
('852200','57d554fa-700e-beb6-5bc2-c27d9fd3c393',2),
('852200','08183312-a269-3a8a-b197-25c872054890',2),
('851216','1fe356aa-5814-ed0d-40b1-4734e13978e9',3),
('851216','7ace7bee-0d70-5a1f-1113-2cd60d11dfa4',3),
('851216','57d554fa-700e-beb6-5bc2-c27d9fd3c393',3),
('851216','08183312-a269-3a8a-b197-25c872054890',3),
('836914','1fe356aa-5814-ed0d-40b1-4734e13978e9',5),
('836914','7ace7bee-0d70-5a1f-1113-2cd60d11dfa4',4),
('836914','57d554fa-700e-beb6-5bc2-c27d9fd3c393',4),
('836914','08183312-a269-3a8a-b197-25c872054890',4),
('821695','1fe356aa-5814-ed0d-40b1-4734e13978e9',3),
('821695','7ace7bee-0d70-5a1f-1113-2cd60d11dfa4',3),
('821695','57d554fa-700e-beb6-5bc2-c27d9fd3c393',2),
('821695','08183312-a269-3a8a-b197-25c872054890',4),
('842405','1fe356aa-5814-ed0d-40b1-4734e13978e9',4),
('842405','7ace7bee-0d70-5a1f-1113-2cd60d11dfa4',3),
('842405','57d554fa-700e-beb6-5bc2-c27d9fd3c393',2),
('842405','08183312-a269-3a8a-b197-25c872054890',2),
('833289','1fe356aa-5814-ed0d-40b1-4734e13978e9',5),
('833289','7ace7bee-0d70-5a1f-1113-2cd60d11dfa4',4),
('833289','57d554fa-700e-beb6-5bc2-c27d9fd3c393',2),
('833289','08183312-a269-3a8a-b197-25c872054890',2),
('818544','1fe356aa-5814-ed0d-40b1-4734e13978e9',4),
('818544','7ace7bee-0d70-5a1f-1113-2cd60d11dfa4',2),
('818544','57d554fa-700e-beb6-5bc2-c27d9fd3c393',5),
('818544','08183312-a269-3a8a-b197-25c872054890',4),
('817471','1fe356aa-5814-ed0d-40b1-4734e13978e9',3),
('817471','7ace7bee-0d70-5a1f-1113-2cd60d11dfa4',2),
('817471','57d554fa-700e-beb6-5bc2-c27d9fd3c393',5),
('817471','08183312-a269-3a8a-b197-25c872054890',5),
('857093','1fe356aa-5814-ed0d-40b1-4734e13978e9',2),
('857093','7ace7bee-0d70-5a1f-1113-2cd60d11dfa4',4),
('857093','57d554fa-700e-beb6-5bc2-c27d9fd3c393',2),
('857093','08183312-a269-3a8a-b197-25c872054890',2),
('891560','1fe356aa-5814-ed0d-40b1-4734e13978e9',5),
('891560','7ace7bee-0d70-5a1f-1113-2cd60d11dfa4',5),
('891560','57d554fa-700e-beb6-5bc2-c27d9fd3c393',5),
('891560','08183312-a269-3a8a-b197-25c872054890',5),
('879001','1fe356aa-5814-ed0d-40b1-4734e13978e9',2),
('879001','7ace7bee-0d70-5a1f-1113-2cd60d11dfa4',3),
('879001','57d554fa-700e-beb6-5bc2-c27d9fd3c393',4),
('879001','08183312-a269-3a8a-b197-25c872054890',5),
('816572','1fe356aa-5814-ed0d-40b1-4734e13978e9',5),
('816572','7ace7bee-0d70-5a1f-1113-2cd60d11dfa4',5),
('816572','57d554fa-700e-beb6-5bc2-c27d9fd3c393',2),
('816572','08183312-a269-3a8a-b197-25c872054890',3),
('825701','1fe356aa-5814-ed0d-40b1-4734e13978e9',4),
('825701','7ace7bee-0d70-5a1f-1113-2cd60d11dfa4',5),
('825701','57d554fa-700e-beb6-5bc2-c27d9fd3c393',3),
('825701','08183312-a269-3a8a-b197-25c872054890',3),
('854500','1fe356aa-5814-ed0d-40b1-4734e13978e9',4),
('854500','7ace7bee-0d70-5a1f-1113-2cd60d11dfa4',5),
('854500','57d554fa-700e-beb6-5bc2-c27d9fd3c393',4),
('854500','08183312-a269-3a8a-b197-25c872054890',5),
('872308','1fe356aa-5814-ed0d-40b1-4734e13978e9',3),
('872308','7ace7bee-0d70-5a1f-1113-2cd60d11dfa4',2),
('872308','57d554fa-700e-beb6-5bc2-c27d9fd3c393',4),
('872308','08183312-a269-3a8a-b197-25c872054890',4),
('899108','1fe356aa-5814-ed0d-40b1-4734e13978e9',4),
('899108','7ace7bee-0d70-5a1f-1113-2cd60d11dfa4',3),
('899108','57d554fa-700e-beb6-5bc2-c27d9fd3c393',3),
('899108','08183312-a269-3a8a-b197-25c872054890',2),
('819730','1fe356aa-5814-ed0d-40b1-4734e13978e9',4),
('819730','7ace7bee-0d70-5a1f-1113-2cd60d11dfa4',5),
('819730','57d554fa-700e-beb6-5bc2-c27d9fd3c393',2),
('819730','08183312-a269-3a8a-b197-25c872054890',3),
('839327','1fe356aa-5814-ed0d-40b1-4734e13978e9',4),
('839327','7ace7bee-0d70-5a1f-1113-2cd60d11dfa4',2),
('839327','57d554fa-700e-beb6-5bc2-c27d9fd3c393',2),
('839327','08183312-a269-3a8a-b197-25c872054890',3),
('848740','1fe356aa-5814-ed0d-40b1-4734e13978e9',5),
('848740','7ace7bee-0d70-5a1f-1113-2cd60d11dfa4',2),
('848740','57d554fa-700e-beb6-5bc2-c27d9fd3c393',4),
('848740','08183312-a269-3a8a-b197-25c872054890',5),
('835237','1fe356aa-5814-ed0d-40b1-4734e13978e9',3),
('835237','7ace7bee-0d70-5a1f-1113-2cd60d11dfa4',5),
('835237','57d554fa-700e-beb6-5bc2-c27d9fd3c393',2),
('835237','08183312-a269-3a8a-b197-25c872054890',4),
('815716','1fe356aa-5814-ed0d-40b1-4734e13978e9',5),
('815716','7ace7bee-0d70-5a1f-1113-2cd60d11dfa4',4),
('815716','57d554fa-700e-beb6-5bc2-c27d9fd3c393',2),
('815716','08183312-a269-3a8a-b197-25c872054890',4),
('818262','1fe356aa-5814-ed0d-40b1-4734e13978e9',5),
('818262','7ace7bee-0d70-5a1f-1113-2cd60d11dfa4',2),
('818262','57d554fa-700e-beb6-5bc2-c27d9fd3c393',4),
('818262','08183312-a269-3a8a-b197-25c872054890',2),
('887596','1fe356aa-5814-ed0d-40b1-4734e13978e9',5),
('887596','e2e7b469-a50b-2219-048a-752f5adb04ee',4),
('843397','1fe356aa-5814-ed0d-40b1-4734e13978e9',5),
('843397','e2e7b469-a50b-2219-048a-752f5adb04ee',5),
('865050','1fe356aa-5814-ed0d-40b1-4734e13978e9',3),
('865050','e2e7b469-a50b-2219-048a-752f5adb04ee',3),
('866823','1fe356aa-5814-ed0d-40b1-4734e13978e9',3),
('866823','e2e7b469-a50b-2219-048a-752f5adb04ee',5),
('856076','1fe356aa-5814-ed0d-40b1-4734e13978e9',2),
('856076','e2e7b469-a50b-2219-048a-752f5adb04ee',4),
('841952','1fe356aa-5814-ed0d-40b1-4734e13978e9',3),
('841952','e2e7b469-a50b-2219-048a-752f5adb04ee',2),
('882176','1fe356aa-5814-ed0d-40b1-4734e13978e9',5),
('882176','e2e7b469-a50b-2219-048a-752f5adb04ee',2),
('895832','1fe356aa-5814-ed0d-40b1-4734e13978e9',4),
('895832','e2e7b469-a50b-2219-048a-752f5adb04ee',2),
('819080','1fe356aa-5814-ed0d-40b1-4734e13978e9',4),
('819080','e2e7b469-a50b-2219-048a-752f5adb04ee',3),
('885305','1fe356aa-5814-ed0d-40b1-4734e13978e9',2),
('885305','e2e7b469-a50b-2219-048a-752f5adb04ee',2),
('878089','1fe356aa-5814-ed0d-40b1-4734e13978e9',2),
('878089','e2e7b469-a50b-2219-048a-752f5adb04ee',4),
('847580','1fe356aa-5814-ed0d-40b1-4734e13978e9',3),
('847580','e2e7b469-a50b-2219-048a-752f5adb04ee',2),
('818943','1fe356aa-5814-ed0d-40b1-4734e13978e9',4),
('818943','e2e7b469-a50b-2219-048a-752f5adb04ee',4),
('824167','1fe356aa-5814-ed0d-40b1-4734e13978e9',4),
('824167','e2e7b469-a50b-2219-048a-752f5adb04ee',2),
('847560','1fe356aa-5814-ed0d-40b1-4734e13978e9',5),
('847560','e2e7b469-a50b-2219-048a-752f5adb04ee',3),
('895901','1fe356aa-5814-ed0d-40b1-4734e13978e9',5),
('895901','e2e7b469-a50b-2219-048a-752f5adb04ee',2),
('852655','1fe356aa-5814-ed0d-40b1-4734e13978e9',2),
('852655','e2e7b469-a50b-2219-048a-752f5adb04ee',5),
('831496','1fe356aa-5814-ed0d-40b1-4734e13978e9',3),
('831496','e2e7b469-a50b-2219-048a-752f5adb04ee',3),
('864878','1fe356aa-5814-ed0d-40b1-4734e13978e9',5),
('864878','e2e7b469-a50b-2219-048a-752f5adb04ee',3),
('846021','1fe356aa-5814-ed0d-40b1-4734e13978e9',3),
('846021','e2e7b469-a50b-2219-048a-752f5adb04ee',5),
('887219','1fe356aa-5814-ed0d-40b1-4734e13978e9',4),
('887219','e2e7b469-a50b-2219-048a-752f5adb04ee',2),
('894965','1fe356aa-5814-ed0d-40b1-4734e13978e9',5),
('894965','e2e7b469-a50b-2219-048a-752f5adb04ee',5),
('835935','1fe356aa-5814-ed0d-40b1-4734e13978e9',3),
('835935','e2e7b469-a50b-2219-048a-752f5adb04ee',4),
('889459','1fe356aa-5814-ed0d-40b1-4734e13978e9',5),
('889459','e2e7b469-a50b-2219-048a-752f5adb04ee',4),
('892100','1fe356aa-5814-ed0d-40b1-4734e13978e9',2),
('892100','e2e7b469-a50b-2219-048a-752f5adb04ee',2),
('887822','1fe356aa-5814-ed0d-40b1-4734e13978e9',2),
('887822','e2e7b469-a50b-2219-048a-752f5adb04ee',3),
('873842','1fe356aa-5814-ed0d-40b1-4734e13978e9',3),
('873842','e2e7b469-a50b-2219-048a-752f5adb04ee',4),
('883124','1fe356aa-5814-ed0d-40b1-4734e13978e9',5),
('883124','e2e7b469-a50b-2219-048a-752f5adb04ee',5),
('877911','1fe356aa-5814-ed0d-40b1-4734e13978e9',2),
('877911','e2e7b469-a50b-2219-048a-752f5adb04ee',2),
('866911','1fe356aa-5814-ed0d-40b1-4734e13978e9',4),
('866911','e2e7b469-a50b-2219-048a-752f5adb04ee',2),
('814299','1fe356aa-5814-ed0d-40b1-4734e13978e9',3),
('814299','e2e7b469-a50b-2219-048a-752f5adb04ee',4),
('833105','1fe356aa-5814-ed0d-40b1-4734e13978e9',5),
('833105','e2e7b469-a50b-2219-048a-752f5adb04ee',3),
('853207','1fe356aa-5814-ed0d-40b1-4734e13978e9',4),
('853207','e2e7b469-a50b-2219-048a-752f5adb04ee',5),
('859749','1fe356aa-5814-ed0d-40b1-4734e13978e9',2),
('859749','e2e7b469-a50b-2219-048a-752f5adb04ee',3),
('863155','1fe356aa-5814-ed0d-40b1-4734e13978e9',2),
('863155','e2e7b469-a50b-2219-048a-752f5adb04ee',2),
('846401','1fe356aa-5814-ed0d-40b1-4734e13978e9',4),
('846401','e2e7b469-a50b-2219-048a-752f5adb04ee',2),
('885273','1fe356aa-5814-ed0d-40b1-4734e13978e9',2),
('885273','e2e7b469-a50b-2219-048a-752f5adb04ee',4),
('866083','1fe356aa-5814-ed0d-40b1-4734e13978e9',5),
('866083','e2e7b469-a50b-2219-048a-752f5adb04ee',4),
('884835','1fe356aa-5814-ed0d-40b1-4734e13978e9',2),
('884835','e2e7b469-a50b-2219-048a-752f5adb04ee',4),
('835182','1fe356aa-5814-ed0d-40b1-4734e13978e9',3),
('835182','e2e7b469-a50b-2219-048a-752f5adb04ee',4),
('828729','1fe356aa-5814-ed0d-40b1-4734e13978e9',2),
('828729','e2e7b469-a50b-2219-048a-752f5adb04ee',3),
('876001','1fe356aa-5814-ed0d-40b1-4734e13978e9',5),
('876001','e2e7b469-a50b-2219-048a-752f5adb04ee',2),
('839444','1fe356aa-5814-ed0d-40b1-4734e13978e9',2),
('839444','e2e7b469-a50b-2219-048a-752f5adb04ee',2),
('822011','1fe356aa-5814-ed0d-40b1-4734e13978e9',5),
('822011','e2e7b469-a50b-2219-048a-752f5adb04ee',2),
('884298','1fe356aa-5814-ed0d-40b1-4734e13978e9',3),
('884298','e2e7b469-a50b-2219-048a-752f5adb04ee',5),
('824122','1fe356aa-5814-ed0d-40b1-4734e13978e9',5),
('824122','e2e7b469-a50b-2219-048a-752f5adb04ee',2),
('843935','1fe356aa-5814-ed0d-40b1-4734e13978e9',4),
('843935','e2e7b469-a50b-2219-048a-752f5adb04ee',5),
('834723','1fe356aa-5814-ed0d-40b1-4734e13978e9',5),
('834723','e2e7b469-a50b-2219-048a-752f5adb04ee',4),
('866602','1fe356aa-5814-ed0d-40b1-4734e13978e9',2),
('866602','7ace7bee-0d70-5a1f-1113-2cd60d11dfa4',4),
('866602','57d554fa-700e-beb6-5bc2-c27d9fd3c393',3),
('866602','bc9e1033-bf8f-3e18-5c18-763a5cbfc4b4',4),
('872465','1fe356aa-5814-ed0d-40b1-4734e13978e9',5),
('872465','7ace7bee-0d70-5a1f-1113-2cd60d11dfa4',3),
('872465','57d554fa-700e-beb6-5bc2-c27d9fd3c393',3),
('872465','bc9e1033-bf8f-3e18-5c18-763a5cbfc4b4',3),
('880304','1fe356aa-5814-ed0d-40b1-4734e13978e9',2),
('880304','7ace7bee-0d70-5a1f-1113-2cd60d11dfa4',2),
('880304','57d554fa-700e-beb6-5bc2-c27d9fd3c393',2),
('880304','bc9e1033-bf8f-3e18-5c18-763a5cbfc4b4',2),
('836052','1fe356aa-5814-ed0d-40b1-4734e13978e9',2),
('836052','7ace7bee-0d70-5a1f-1113-2cd60d11dfa4',2),
('836052','57d554fa-700e-beb6-5bc2-c27d9fd3c393',4),
('836052','bc9e1033-bf8f-3e18-5c18-763a5cbfc4b4',4),
('858376','1fe356aa-5814-ed0d-40b1-4734e13978e9',5),
('858376','7ace7bee-0d70-5a1f-1113-2cd60d11dfa4',4),
('858376','57d554fa-700e-beb6-5bc2-c27d9fd3c393',4),
('858376','bc9e1033-bf8f-3e18-5c18-763a5cbfc4b4',4),
('840023','1fe356aa-5814-ed0d-40b1-4734e13978e9',2),
('840023','7ace7bee-0d70-5a1f-1113-2cd60d11dfa4',2),
('840023','57d554fa-700e-beb6-5bc2-c27d9fd3c393',5),
('840023','bc9e1033-bf8f-3e18-5c18-763a5cbfc4b4',3),
('858502','1fe356aa-5814-ed0d-40b1-4734e13978e9',5),
('858502','7ace7bee-0d70-5a1f-1113-2cd60d11dfa4',3),
('858502','57d554fa-700e-beb6-5bc2-c27d9fd3c393',4),
('858502','bc9e1033-bf8f-3e18-5c18-763a5cbfc4b4',4),
('842816','1fe356aa-5814-ed0d-40b1-4734e13978e9',2),
('842816','7ace7bee-0d70-5a1f-1113-2cd60d11dfa4',3),
('842816','57d554fa-700e-beb6-5bc2-c27d9fd3c393',4),
('842816','bc9e1033-bf8f-3e18-5c18-763a5cbfc4b4',2),
('849844','1fe356aa-5814-ed0d-40b1-4734e13978e9',2),
('849844','7ace7bee-0d70-5a1f-1113-2cd60d11dfa4',2),
('849844','57d554fa-700e-beb6-5bc2-c27d9fd3c393',5),
('849844','bc9e1033-bf8f-3e18-5c18-763a5cbfc4b4',3),
('840025','1fe356aa-5814-ed0d-40b1-4734e13978e9',2),
('840025','7ace7bee-0d70-5a1f-1113-2cd60d11dfa4',3),
('840025','57d554fa-700e-beb6-5bc2-c27d9fd3c393',4),
('840025','bc9e1033-bf8f-3e18-5c18-763a5cbfc4b4',2),
('863457','1fe356aa-5814-ed0d-40b1-4734e13978e9',2),
('863457','7ace7bee-0d70-5a1f-1113-2cd60d11dfa4',3),
('863457','57d554fa-700e-beb6-5bc2-c27d9fd3c393',3),
('863457','bc9e1033-bf8f-3e18-5c18-763a5cbfc4b4',5),
('843366','1fe356aa-5814-ed0d-40b1-4734e13978e9',4),
('843366','7ace7bee-0d70-5a1f-1113-2cd60d11dfa4',2),
('843366','57d554fa-700e-beb6-5bc2-c27d9fd3c393',5),
('843366','bc9e1033-bf8f-3e18-5c18-763a5cbfc4b4',2),
('861871','1fe356aa-5814-ed0d-40b1-4734e13978e9',2),
('861871','7ace7bee-0d70-5a1f-1113-2cd60d11dfa4',5),
('861871','57d554fa-700e-beb6-5bc2-c27d9fd3c393',4),
('861871','bc9e1033-bf8f-3e18-5c18-763a5cbfc4b4',4),
('852138','1fe356aa-5814-ed0d-40b1-4734e13978e9',2),
('852138','7ace7bee-0d70-5a1f-1113-2cd60d11dfa4',5),
('852138','57d554fa-700e-beb6-5bc2-c27d9fd3c393',4),
('852138','bc9e1033-bf8f-3e18-5c18-763a5cbfc4b4',4),
('822229','1fe356aa-5814-ed0d-40b1-4734e13978e9',5),
('822229','7ace7bee-0d70-5a1f-1113-2cd60d11dfa4',3),
('822229','57d554fa-700e-beb6-5bc2-c27d9fd3c393',5),
('822229','bc9e1033-bf8f-3e18-5c18-763a5cbfc4b4',2),
('831915','1fe356aa-5814-ed0d-40b1-4734e13978e9',4),
('831915','7ace7bee-0d70-5a1f-1113-2cd60d11dfa4',4),
('831915','57d554fa-700e-beb6-5bc2-c27d9fd3c393',3),
('831915','bc9e1033-bf8f-3e18-5c18-763a5cbfc4b4',5),
('876010','1fe356aa-5814-ed0d-40b1-4734e13978e9',3),
('876010','7ace7bee-0d70-5a1f-1113-2cd60d11dfa4',4),
('876010','57d554fa-700e-beb6-5bc2-c27d9fd3c393',4),
('876010','bc9e1033-bf8f-3e18-5c18-763a5cbfc4b4',4),
('844185','1fe356aa-5814-ed0d-40b1-4734e13978e9',2),
('844185','7ace7bee-0d70-5a1f-1113-2cd60d11dfa4',4),
('844185','57d554fa-700e-beb6-5bc2-c27d9fd3c393',2),
('844185','bc9e1033-bf8f-3e18-5c18-763a5cbfc4b4',2),
('823363','1fe356aa-5814-ed0d-40b1-4734e13978e9',3),
('823363','7ace7bee-0d70-5a1f-1113-2cd60d11dfa4',4),
('823363','57d554fa-700e-beb6-5bc2-c27d9fd3c393',2),
('823363','bc9e1033-bf8f-3e18-5c18-763a5cbfc4b4',5),
('867700','1fe356aa-5814-ed0d-40b1-4734e13978e9',2),
('867700','7ace7bee-0d70-5a1f-1113-2cd60d11dfa4',3),
('867700','57d554fa-700e-beb6-5bc2-c27d9fd3c393',4),
('867700','bc9e1033-bf8f-3e18-5c18-763a5cbfc4b4',3),
('899748','1fe356aa-5814-ed0d-40b1-4734e13978e9',4),
('899748','7ace7bee-0d70-5a1f-1113-2cd60d11dfa4',2),
('899748','57d554fa-700e-beb6-5bc2-c27d9fd3c393',3),
('899748','bc9e1033-bf8f-3e18-5c18-763a5cbfc4b4',2),
('847577','1fe356aa-5814-ed0d-40b1-4734e13978e9',5),
('847577','7ace7bee-0d70-5a1f-1113-2cd60d11dfa4',2),
('847577','57d554fa-700e-beb6-5bc2-c27d9fd3c393',3),
('847577','bc9e1033-bf8f-3e18-5c18-763a5cbfc4b4',3),
('829610','1fe356aa-5814-ed0d-40b1-4734e13978e9',3),
('829610','7ace7bee-0d70-5a1f-1113-2cd60d11dfa4',3),
('829610','57d554fa-700e-beb6-5bc2-c27d9fd3c393',5),
('829610','bc9e1033-bf8f-3e18-5c18-763a5cbfc4b4',3),
('864643','1fe356aa-5814-ed0d-40b1-4734e13978e9',3),
('864643','7ace7bee-0d70-5a1f-1113-2cd60d11dfa4',3),
('864643','57d554fa-700e-beb6-5bc2-c27d9fd3c393',3),
('864643','bc9e1033-bf8f-3e18-5c18-763a5cbfc4b4',2),
('829565','1fe356aa-5814-ed0d-40b1-4734e13978e9',4),
('829565','7ace7bee-0d70-5a1f-1113-2cd60d11dfa4',5),
('829565','57d554fa-700e-beb6-5bc2-c27d9fd3c393',4),
('829565','08183312-a269-3a8a-b197-25c872054890',4),
('877304','1fe356aa-5814-ed0d-40b1-4734e13978e9',5),
('877304','7ace7bee-0d70-5a1f-1113-2cd60d11dfa4',5),
('877304','57d554fa-700e-beb6-5bc2-c27d9fd3c393',4),
('877304','08183312-a269-3a8a-b197-25c872054890',2),
('820038','1fe356aa-5814-ed0d-40b1-4734e13978e9',5),
('820038','7ace7bee-0d70-5a1f-1113-2cd60d11dfa4',5),
('820038','57d554fa-700e-beb6-5bc2-c27d9fd3c393',4),
('820038','08183312-a269-3a8a-b197-25c872054890',3),
('884054','1fe356aa-5814-ed0d-40b1-4734e13978e9',4),
('884054','7ace7bee-0d70-5a1f-1113-2cd60d11dfa4',3),
('884054','57d554fa-700e-beb6-5bc2-c27d9fd3c393',4),
('884054','08183312-a269-3a8a-b197-25c872054890',2),
('847610','1fe356aa-5814-ed0d-40b1-4734e13978e9',3),
('847610','7ace7bee-0d70-5a1f-1113-2cd60d11dfa4',4),
('847610','57d554fa-700e-beb6-5bc2-c27d9fd3c393',5),
('847610','08183312-a269-3a8a-b197-25c872054890',2),
('877019','1fe356aa-5814-ed0d-40b1-4734e13978e9',5),
('877019','7ace7bee-0d70-5a1f-1113-2cd60d11dfa4',3),
('877019','57d554fa-700e-beb6-5bc2-c27d9fd3c393',4),
('877019','08183312-a269-3a8a-b197-25c872054890',2),
('866540','1fe356aa-5814-ed0d-40b1-4734e13978e9',2),
('866540','7ace7bee-0d70-5a1f-1113-2cd60d11dfa4',2),
('866540','57d554fa-700e-beb6-5bc2-c27d9fd3c393',3),
('866540','08183312-a269-3a8a-b197-25c872054890',2),
('853188','1fe356aa-5814-ed0d-40b1-4734e13978e9',4),
('853188','7ace7bee-0d70-5a1f-1113-2cd60d11dfa4',5),
('853188','57d554fa-700e-beb6-5bc2-c27d9fd3c393',2),
('853188','08183312-a269-3a8a-b197-25c872054890',5),
('888919','1fe356aa-5814-ed0d-40b1-4734e13978e9',3),
('888919','7ace7bee-0d70-5a1f-1113-2cd60d11dfa4',2),
('888919','57d554fa-700e-beb6-5bc2-c27d9fd3c393',3),
('888919','08183312-a269-3a8a-b197-25c872054890',3),
('839710','1fe356aa-5814-ed0d-40b1-4734e13978e9',5),
('839710','7ace7bee-0d70-5a1f-1113-2cd60d11dfa4',5),
('839710','57d554fa-700e-beb6-5bc2-c27d9fd3c393',2),
('839710','08183312-a269-3a8a-b197-25c872054890',5),
('840914','1fe356aa-5814-ed0d-40b1-4734e13978e9',4),
('840914','7ace7bee-0d70-5a1f-1113-2cd60d11dfa4',5),
('840914','57d554fa-700e-beb6-5bc2-c27d9fd3c393',4),
('840914','08183312-a269-3a8a-b197-25c872054890',4),
('879177','1fe356aa-5814-ed0d-40b1-4734e13978e9',2),
('879177','7ace7bee-0d70-5a1f-1113-2cd60d11dfa4',3),
('879177','57d554fa-700e-beb6-5bc2-c27d9fd3c393',4),
('879177','08183312-a269-3a8a-b197-25c872054890',5),
('885568','1fe356aa-5814-ed0d-40b1-4734e13978e9',5),
('885568','7ace7bee-0d70-5a1f-1113-2cd60d11dfa4',3),
('885568','57d554fa-700e-beb6-5bc2-c27d9fd3c393',3),
('885568','08183312-a269-3a8a-b197-25c872054890',5),
('849342','1fe356aa-5814-ed0d-40b1-4734e13978e9',5),
('849342','7ace7bee-0d70-5a1f-1113-2cd60d11dfa4',3),
('849342','57d554fa-700e-beb6-5bc2-c27d9fd3c393',2),
('849342','08183312-a269-3a8a-b197-25c872054890',4),
('871201','1fe356aa-5814-ed0d-40b1-4734e13978e9',4),
('871201','7ace7bee-0d70-5a1f-1113-2cd60d11dfa4',3),
('871201','57d554fa-700e-beb6-5bc2-c27d9fd3c393',3),
('871201','08183312-a269-3a8a-b197-25c872054890',5),
('843282','1fe356aa-5814-ed0d-40b1-4734e13978e9',4),
('843282','7ace7bee-0d70-5a1f-1113-2cd60d11dfa4',2),
('843282','57d554fa-700e-beb6-5bc2-c27d9fd3c393',3),
('843282','08183312-a269-3a8a-b197-25c872054890',4),
('814282','1fe356aa-5814-ed0d-40b1-4734e13978e9',5),
('814282','7ace7bee-0d70-5a1f-1113-2cd60d11dfa4',2),
('814282','57d554fa-700e-beb6-5bc2-c27d9fd3c393',3),
('814282','08183312-a269-3a8a-b197-25c872054890',4),
('847982','1fe356aa-5814-ed0d-40b1-4734e13978e9',2),
('847982','7ace7bee-0d70-5a1f-1113-2cd60d11dfa4',4),
('847982','57d554fa-700e-beb6-5bc2-c27d9fd3c393',4),
('847982','08183312-a269-3a8a-b197-25c872054890',5),
('854862','1fe356aa-5814-ed0d-40b1-4734e13978e9',5),
('854862','7ace7bee-0d70-5a1f-1113-2cd60d11dfa4',2),
('854862','57d554fa-700e-beb6-5bc2-c27d9fd3c393',2),
('854862','08183312-a269-3a8a-b197-25c872054890',5),
('878456','1fe356aa-5814-ed0d-40b1-4734e13978e9',3),
('878456','7ace7bee-0d70-5a1f-1113-2cd60d11dfa4',3),
('878456','57d554fa-700e-beb6-5bc2-c27d9fd3c393',2),
('878456','08183312-a269-3a8a-b197-25c872054890',2),
('855590','1fe356aa-5814-ed0d-40b1-4734e13978e9',3),
('855590','7ace7bee-0d70-5a1f-1113-2cd60d11dfa4',3),
('855590','57d554fa-700e-beb6-5bc2-c27d9fd3c393',3),
('855590','08183312-a269-3a8a-b197-25c872054890',4),
('849280','1fe356aa-5814-ed0d-40b1-4734e13978e9',3),
('849280','7ace7bee-0d70-5a1f-1113-2cd60d11dfa4',5),
('849280','57d554fa-700e-beb6-5bc2-c27d9fd3c393',5),
('849280','08183312-a269-3a8a-b197-25c872054890',4),
('874925','1fe356aa-5814-ed0d-40b1-4734e13978e9',3),
('874925','7ace7bee-0d70-5a1f-1113-2cd60d11dfa4',5),
('874925','57d554fa-700e-beb6-5bc2-c27d9fd3c393',3),
('874925','08183312-a269-3a8a-b197-25c872054890',5),
('861105','1fe356aa-5814-ed0d-40b1-4734e13978e9',5),
('861105','7ace7bee-0d70-5a1f-1113-2cd60d11dfa4',2),
('861105','57d554fa-700e-beb6-5bc2-c27d9fd3c393',2),
('861105','08183312-a269-3a8a-b197-25c872054890',4),
('873817','1fe356aa-5814-ed0d-40b1-4734e13978e9',3),
('873817','7ace7bee-0d70-5a1f-1113-2cd60d11dfa4',4),
('873817','57d554fa-700e-beb6-5bc2-c27d9fd3c393',2),
('873817','08183312-a269-3a8a-b197-25c872054890',5),
('875262','1fe356aa-5814-ed0d-40b1-4734e13978e9',2),
('875262','7ace7bee-0d70-5a1f-1113-2cd60d11dfa4',4),
('875262','57d554fa-700e-beb6-5bc2-c27d9fd3c393',2),
('875262','08183312-a269-3a8a-b197-25c872054890',2),
('816385','1fe356aa-5814-ed0d-40b1-4734e13978e9',5),
('816385','7ace7bee-0d70-5a1f-1113-2cd60d11dfa4',5),
('816385','57d554fa-700e-beb6-5bc2-c27d9fd3c393',3),
('816385','08183312-a269-3a8a-b197-25c872054890',2),
('818011','1fe356aa-5814-ed0d-40b1-4734e13978e9',3),
('818011','7ace7bee-0d70-5a1f-1113-2cd60d11dfa4',3),
('818011','57d554fa-700e-beb6-5bc2-c27d9fd3c393',3),
('818011','08183312-a269-3a8a-b197-25c872054890',5),
('822191','1fe356aa-5814-ed0d-40b1-4734e13978e9',5),
('822191','7ace7bee-0d70-5a1f-1113-2cd60d11dfa4',5),
('822191','57d554fa-700e-beb6-5bc2-c27d9fd3c393',2),
('822191','08183312-a269-3a8a-b197-25c872054890',2),
('819116','1fe356aa-5814-ed0d-40b1-4734e13978e9',3),
('819116','7ace7bee-0d70-5a1f-1113-2cd60d11dfa4',2),
('819116','57d554fa-700e-beb6-5bc2-c27d9fd3c393',3),
('819116','08183312-a269-3a8a-b197-25c872054890',3),
('854295','1fe356aa-5814-ed0d-40b1-4734e13978e9',2),
('854295','7ace7bee-0d70-5a1f-1113-2cd60d11dfa4',5),
('854295','57d554fa-700e-beb6-5bc2-c27d9fd3c393',2),
('854295','08183312-a269-3a8a-b197-25c872054890',2),
('895761','1fe356aa-5814-ed0d-40b1-4734e13978e9',5),
('895761','7ace7bee-0d70-5a1f-1113-2cd60d11dfa4',4),
('895761','57d554fa-700e-beb6-5bc2-c27d9fd3c393',3),
('895761','08183312-a269-3a8a-b197-25c872054890',5),
('814848','1fe356aa-5814-ed0d-40b1-4734e13978e9',4),
('814848','7ace7bee-0d70-5a1f-1113-2cd60d11dfa4',3),
('814848','57d554fa-700e-beb6-5bc2-c27d9fd3c393',4),
('814848','08183312-a269-3a8a-b197-25c872054890',3),
('823141','1fe356aa-5814-ed0d-40b1-4734e13978e9',5),
('823141','7ace7bee-0d70-5a1f-1113-2cd60d11dfa4',5),
('823141','57d554fa-700e-beb6-5bc2-c27d9fd3c393',5),
('823141','08183312-a269-3a8a-b197-25c872054890',4),
('854846','1fe356aa-5814-ed0d-40b1-4734e13978e9',3),
('854846','7ace7bee-0d70-5a1f-1113-2cd60d11dfa4',4),
('854846','57d554fa-700e-beb6-5bc2-c27d9fd3c393',4),
('854846','08183312-a269-3a8a-b197-25c872054890',2),
('881398','1fe356aa-5814-ed0d-40b1-4734e13978e9',2),
('881398','7ace7bee-0d70-5a1f-1113-2cd60d11dfa4',3),
('881398','57d554fa-700e-beb6-5bc2-c27d9fd3c393',2),
('881398','08183312-a269-3a8a-b197-25c872054890',2),
('827608','1fe356aa-5814-ed0d-40b1-4734e13978e9',2),
('827608','7ace7bee-0d70-5a1f-1113-2cd60d11dfa4',4),
('827608','57d554fa-700e-beb6-5bc2-c27d9fd3c393',3),
('827608','08183312-a269-3a8a-b197-25c872054890',3),
('876002','1fe356aa-5814-ed0d-40b1-4734e13978e9',4),
('876002','7ace7bee-0d70-5a1f-1113-2cd60d11dfa4',4),
('876002','57d554fa-700e-beb6-5bc2-c27d9fd3c393',2),
('876002','08183312-a269-3a8a-b197-25c872054890',3),
('898205','1fe356aa-5814-ed0d-40b1-4734e13978e9',2),
('898205','7ace7bee-0d70-5a1f-1113-2cd60d11dfa4',5),
('898205','57d554fa-700e-beb6-5bc2-c27d9fd3c393',3),
('898205','08183312-a269-3a8a-b197-25c872054890',5),
('851569','1fe356aa-5814-ed0d-40b1-4734e13978e9',4),
('851569','7ace7bee-0d70-5a1f-1113-2cd60d11dfa4',2),
('851569','57d554fa-700e-beb6-5bc2-c27d9fd3c393',3),
('851569','08183312-a269-3a8a-b197-25c872054890',2),
('825253','1fe356aa-5814-ed0d-40b1-4734e13978e9',5),
('825253','7ace7bee-0d70-5a1f-1113-2cd60d11dfa4',4),
('825253','57d554fa-700e-beb6-5bc2-c27d9fd3c393',3),
('825253','08183312-a269-3a8a-b197-25c872054890',5),
('884785','1fe356aa-5814-ed0d-40b1-4734e13978e9',2),
('884785','7ace7bee-0d70-5a1f-1113-2cd60d11dfa4',5),
('884785','57d554fa-700e-beb6-5bc2-c27d9fd3c393',3),
('884785','08183312-a269-3a8a-b197-25c872054890',3),
('887180','1fe356aa-5814-ed0d-40b1-4734e13978e9',2),
('887180','7ace7bee-0d70-5a1f-1113-2cd60d11dfa4',2),
('887180','57d554fa-700e-beb6-5bc2-c27d9fd3c393',4),
('887180','08183312-a269-3a8a-b197-25c872054890',3),
('894710','1fe356aa-5814-ed0d-40b1-4734e13978e9',5),
('894710','7ace7bee-0d70-5a1f-1113-2cd60d11dfa4',5),
('894710','57d554fa-700e-beb6-5bc2-c27d9fd3c393',3),
('894710','08183312-a269-3a8a-b197-25c872054890',2),
('895269','1fe356aa-5814-ed0d-40b1-4734e13978e9',2),
('895269','7ace7bee-0d70-5a1f-1113-2cd60d11dfa4',2),
('895269','57d554fa-700e-beb6-5bc2-c27d9fd3c393',5),
('895269','08183312-a269-3a8a-b197-25c872054890',4),
('868825','1fe356aa-5814-ed0d-40b1-4734e13978e9',3),
('868825','7ace7bee-0d70-5a1f-1113-2cd60d11dfa4',4),
('868825','57d554fa-700e-beb6-5bc2-c27d9fd3c393',2),
('868825','08183312-a269-3a8a-b197-25c872054890',2),
('839130','1fe356aa-5814-ed0d-40b1-4734e13978e9',5),
('839130','7ace7bee-0d70-5a1f-1113-2cd60d11dfa4',3),
('839130','57d554fa-700e-beb6-5bc2-c27d9fd3c393',4),
('839130','08183312-a269-3a8a-b197-25c872054890',4);


